Model,Threshold,Total Return (%),Annual Return (%),Sharpe Ratio,Max Drawdown (%),Buy & Hold Return (%),Number of Trades
Random Forest,0.0,41.03257119718329,137.86943922253585,28.575986536758336,0.12736346259422604,36.5928478065735,4
Ensemble,0.0,41.03257119718329,137.86943922253585,28.575986536758336,0.12736346259422604,36.5928478065735,4
XGBoost,0.0,41.03257119718329,137.86943922253585,28.575986536758336,0.12736346259422604,36.5928478065735,4
ARIMA,0.005,35.11020460258343,117.97028746468033,19.035280829597713,3.6229522677310397,36.5928478065735,2
LSTM,0.0,23.83728915818102,98.4753584895347,16.23202415823587,3.622952267731044,24.085211658998197,2
